County,Population_2019,Poverty_Rate_%,Poor_People_000s,GCP_2020_Ksh_Million,GCP_2021_Ksh_Million,GCP_2022_Ksh_Million,Geographic_Size_Sq_Kms,Population_Index_%,Equal_Share_Index_%,Poverty_Index_%,Income_Distance_Index_%,Geographic_Size_Index_%,Stabilisation_Factor,Allocation_Factor_%,Third_Basis_2024_25_Allocation_Ksh_Million,Fourth_Basis_2025_26_Allocation_Ksh_Million
Baringo,666763,46.9,334,75459,85220,93334,10976,1.40,2.13,1.7,2.38,1.97,0.97,1.72,6684,7185
Bomet,875689,47.1,441,151153,167404,194798,2531,1.84,2.13,2.2,2.09,0.45,0.97,1.80,7015,7528
Bungoma,1670570,49.2,880,205542,224815,255699,3024,3.51,2.13,4.4,2.34,0.54,0.97,2.82,11171,11766
Busia,893681,52.7,502,88731,99351,115548,1696,1.88,2.13,2.5,2.44,0.30,0.97,1.89,7515,7893
Elgeyo-Marakwet,454480,53.0,258,117229,130394,120745,3032,0.96,2.13,1.3,1.77,0.54,0.97,1.29,4827,5374
Embu,608599,24.3,158,149912,166292,187934,2821,1.28,2.13,0.8,1.74,0.51,0.97,1.35,5370,5616
Garissa,841353,67.8,607,58634,65788,68481,44736,1.77,2.13,3.0,2.59,8.02,0.97,2.61,8290,10894
Homa-Bay,1131950,28.2,340,120751,147449,162195,3153,2.38,2.13,1.7,2.38,0.57,0.99,2.04,8170,8536
Isiolo,268002,55.6,157,26555,29616,31486,25351,0.56,2.13,0.8,2.45,4.54,0.97,1.50,4924,6241
Kajiado,1117840,37.3,443,150709,159737,187411,21871,2.35,2.13,2.2,2.29,3.92,0.97,2.34,8345,9767
Kakamega,1867579,38.2,764,214365,245768,276484,3020,3.93,2.13,3.8,2.36,0.54,1.08,3.25,12981,13562
Kericho,901777,47.8,461,163543,182708,204443,2436,1.90,2.13,2.3,2.05,0.44,0.97,1.83,6738,7653
Kiambu,2417735,19.9,513,554515,622560,721205,2539,5.08,2.13,2.5,1.81,0.46,0.97,3.14,12294,13094
Kilifi,1453787,53.0,821,199953,229804,254799,12540,3.06,2.13,4.1,2.25,2.25,1.08,3.05,12170,12715
Kirinyaga,610411,23.1,150,123709,139785,160909,1478,1.28,2.13,0.7,1.93,0.26,0.98,1.36,5449,5693
Kisii,1266860,32.9,445,198192,217312,257751,1323,2.66,2.13,2.2,2.16,0.24,1.06,2.33,9306,9723
Kisumu,1155574,39.0,478,247324,272238,312651,2085,2.43,2.13,2.4,1.90,0.37,1.00,2.10,8405,8782
Kitui,1136187,58.3,707,154345,143268,161668,30430,2.39,2.13,3.5,2.35,5.45,0.99,2.72,10886,11374
Kwale,866820,51.1,471,119001,134865,151362,8267,1.82,2.13,2.3,2.26,1.48,1.09,2.16,8625,9012
Laikipia,518560,38.0,208,94639,100202,119575,9532,1.09,2.13,1.0,2.06,1.71,0.97,1.45,5387,6039
Lamu,143920,35.6,53,32747,36447,40164,6253,0.30,2.13,0.3,1.84,1.12,0.97,0.94,3254,3935
Machakos,1421932,38.3,580,309164,349897,378446,6043,2.99,2.13,2.9,1.88,1.08,0.97,2.40,9597,10027
Makueni,987653,44.7,469,110207,123610,120539,8170,2.08,2.13,2.3,2.41,1.46,1.01,2.13,8497,8878
Mandera,867457,72.9,674,56964,62984,63146,25940,1.82,2.13,3.3,2.62,4.65,1.19,2.93,11691,12214
Marsabit,459785,66.1,317,60486,69447,73863,70944,0.97,2.13,1.6,2.29,10.41,0.97,2.26,7597,9427
Meru,1545714,34.1,562,329977,378832,407419,7006,3.25,2.13,2.8,1.89,1.26,0.97,2.50,9944,10454
Migori,1116436,45.7,543,120639,140719,158115,2614,2.35,2.13,2.7,2.39,0.47,0.97,2.12,8385,8838
Mombasa,1208333,27.0,345,468749,528400,564147,220,2.54,2.13,1.7,1.09,0.04,1.03,1.98,7900,8253
Murang'a,1056640,30.1,340,200539,226526,247592,2524,2.22,2.13,1.7,2.01,0.45,0.97,1.88,7512,7852
Nairobi City,4397073,16.5,767,2682701,2996494,3379354,704,9.24,2.13,3.8,1.09,0.13,1.00,5.05,20179,21082
Nakuru,2162202,38.2,872,483938,569453,600518,7462,4.55,2.13,4.3,1.83,1.34,1.02,3.42,13667,14279
Nandi,885711,39.1,371,149117,164688,193180,2856,1.86,2.13,1.8,2.11,0.51,1.01,1.84,7346,7675
Narok,1157873,26.2,323,165462,185167,217130,17950,2.43,2.13,1.6,2.22,3.22,1.01,2.31,9242,9656
Nyamira,605576,38.8,252,116992,125574,144676,897,1.27,2.13,1.3,2.01,0.16,0.97,1.41,5360,5885
Nyandarua,638289,34.5,235,149707,162097,198389,3286,1.34,2.13,1.2,1.79,0.59,1.00,1.49,5937,6202
Nyeri,759164,26.0,210,209626,224365,243035,3325,1.60,2.13,1.0,1.65,0.60,1.05,1.63,6519,6811
Samburu,310327,71.9,236,29090,31057,33901,21065,0.65,2.13,1.2,2.49,3.78,0.97,1.52,5623,6352
Siaya,993183,38.3,407,103899,119951,136809,2530,2.09,2.13,2.0,2.40,0.45,0.97,1.92,7301,8019
Taita-Taveta,340671,39.3,141,63592,72997,70392,17152,0.72,2.13,0.7,2.06,3.07,0.97,1.37,5066,5711
Tana-River,315943,66.7,225,29460,35662,35159,37951,0.66,2.13,1.1,2.47,6.80,0.97,1.78,6825,7433
Tharaka-Nithi,393177,36.1,151,61461,71181,77999,2564,0.83,2.13,0.7,2.16,0.46,0.97,1.20,4400,5028
Trans-Nzoia,990341,37.3,395,165700,177505,190466,2495,2.08,2.13,2.0,2.15,0.45,0.97,1.89,7541,7878
Turkana,926976,82.7,818,107450,111628,128697,68233,1.95,2.13,4.1,2.39,10.41,1.07,3.31,13213,13805
Uasin-Gishu,1163186,39.9,492,227871,268877,295698,3392,2.45,2.13,2.4,1.95,0.61,0.99,2.12,8472,8852
Vihiga,590013,47.9,302,83773,90585,101182,564,1.24,2.13,1.5,2.26,0.10,0.97,1.46,5293,6077
Wajir,781263,64.7,539,49159,58924,61950,56773,1.64,2.13,2.7,2.61,10.18,0.97,2.70,9903,11283
West Pokot,621241,60.1,399,79417,83816,84985,9123,1.31,2.13,2.0,2.35,1.64,0.97,1.69,6610,7070
TOTAL,47564296,39.8,20156,9864168,11033480,12287451,580877,42.00,100.00,14.00,13.00,9.00,-,100.00,387425,417425